"result_id","cdm_name","group_name","group_level","strata_name","strata_level","variable_name","variable_level","estimate_name","estimate_type","estimate_value","additional_name","additional_level"
"1","mock","denominator_cohort_name &&& outcome_cohort_name","denominator_cohort_1 &&& cohort_1","overall","overall","Denominator",NA,"denominator_count","integer","42","incidence_start_date &&& incidence_end_date &&& analysis_interval","2008-01-01 &&& 2008-12-31 &&& years"
"1","mock","denominator_cohort_name &&& outcome_cohort_name","denominator_cohort_1 &&& cohort_1","overall","overall","Outcome",NA,"outcome_count","integer","9","incidence_start_date &&& incidence_end_date &&& analysis_interval","2008-01-01 &&& 2008-12-31 &&& years"
"1","mock","denominator_cohort_name &&& outcome_cohort_name","denominator_cohort_1 &&& cohort_1","overall","overall","Denominator",NA,"person_days","numeric","12072","incidence_start_date &&& incidence_end_date &&& analysis_interval","2008-01-01 &&& 2008-12-31 &&& years"
"1","mock","denominator_cohort_name &&& outcome_cohort_name","denominator_cohort_1 &&& cohort_1","overall","overall","Denominator",NA,"person_years","numeric","33.051","incidence_start_date &&& incidence_end_date &&& analysis_interval","2008-01-01 &&& 2008-12-31 &&& years"
"1","mock","denominator_cohort_name &&& outcome_cohort_name","denominator_cohort_1 &&& cohort_1","overall","overall","Outcome",NA,"incidence_100000_pys","numeric","27230.644","incidence_start_date &&& incidence_end_date &&& analysis_interval","2008-01-01 &&& 2008-12-31 &&& years"
"1","mock","denominator_cohort_name &&& outcome_cohort_name","denominator_cohort_1 &&& cohort_1","overall","overall","Outcome",NA,"incidence_100000_pys_95CI_lower","numeric","12451.584","incidence_start_date &&& incidence_end_date &&& analysis_interval","2008-01-01 &&& 2008-12-31 &&& years"
"1","mock","denominator_cohort_name &&& outcome_cohort_name","denominator_cohort_1 &&& cohort_1","overall","overall","Outcome",NA,"incidence_100000_pys_95CI_upper","numeric","51692.244","incidence_start_date &&& incidence_end_date &&& analysis_interval","2008-01-01 &&& 2008-12-31 &&& years"
"1","mock","denominator_cohort_name &&& outcome_cohort_name","denominator_cohort_1 &&& cohort_1","overall","overall","Denominator",NA,"denominator_count","integer","38","incidence_start_date &&& incidence_end_date &&& analysis_interval","2009-01-01 &&& 2009-12-31 &&& years"
"1","mock","denominator_cohort_name &&& outcome_cohort_name","denominator_cohort_1 &&& cohort_1","overall","overall","Outcome",NA,"outcome_count","integer","13","incidence_start_date &&& incidence_end_date &&& analysis_interval","2009-01-01 &&& 2009-12-31 &&& years"
"1","mock","denominator_cohort_name &&& outcome_cohort_name","denominator_cohort_1 &&& cohort_1","overall","overall","Denominator",NA,"person_days","numeric","10498","incidence_start_date &&& incidence_end_date &&& analysis_interval","2009-01-01 &&& 2009-12-31 &&& years"
"1","mock","denominator_cohort_name &&& outcome_cohort_name","denominator_cohort_1 &&& cohort_1","overall","overall","Denominator",NA,"person_years","numeric","28.742","incidence_start_date &&& incidence_end_date &&& analysis_interval","2009-01-01 &&& 2009-12-31 &&& years"
"1","mock","denominator_cohort_name &&& outcome_cohort_name","denominator_cohort_1 &&& cohort_1","overall","overall","Outcome",NA,"incidence_100000_pys","numeric","45229.977","incidence_start_date &&& incidence_end_date &&& analysis_interval","2009-01-01 &&& 2009-12-31 &&& years"
"1","mock","denominator_cohort_name &&& outcome_cohort_name","denominator_cohort_1 &&& cohort_1","overall","overall","Outcome",NA,"incidence_100000_pys_95CI_lower","numeric","24083.058","incidence_start_date &&& incidence_end_date &&& analysis_interval","2009-01-01 &&& 2009-12-31 &&& years"
"1","mock","denominator_cohort_name &&& outcome_cohort_name","denominator_cohort_1 &&& cohort_1","overall","overall","Outcome",NA,"incidence_100000_pys_95CI_upper","numeric","77344.638","incidence_start_date &&& incidence_end_date &&& analysis_interval","2009-01-01 &&& 2009-12-31 &&& years"
"1","mock","denominator_cohort_name &&& outcome_cohort_name","denominator_cohort_1 &&& cohort_1","overall","overall","Denominator",NA,"denominator_count","integer","25","incidence_start_date &&& incidence_end_date &&& analysis_interval","2010-01-01 &&& 2010-12-31 &&& years"
"1","mock","denominator_cohort_name &&& outcome_cohort_name","denominator_cohort_1 &&& cohort_1","overall","overall","Outcome",NA,"outcome_count","integer","8","incidence_start_date &&& incidence_end_date &&& analysis_interval","2010-01-01 &&& 2010-12-31 &&& years"
"1","mock","denominator_cohort_name &&& outcome_cohort_name","denominator_cohort_1 &&& cohort_1","overall","overall","Denominator",NA,"person_days","numeric","7193","incidence_start_date &&& incidence_end_date &&& analysis_interval","2010-01-01 &&& 2010-12-31 &&& years"
"1","mock","denominator_cohort_name &&& outcome_cohort_name","denominator_cohort_1 &&& cohort_1","overall","overall","Denominator",NA,"person_years","numeric","19.693","incidence_start_date &&& incidence_end_date &&& analysis_interval","2010-01-01 &&& 2010-12-31 &&& years"
"1","mock","denominator_cohort_name &&& outcome_cohort_name","denominator_cohort_1 &&& cohort_1","overall","overall","Outcome",NA,"incidence_100000_pys","numeric","40623.572","incidence_start_date &&& incidence_end_date &&& analysis_interval","2010-01-01 &&& 2010-12-31 &&& years"
"1","mock","denominator_cohort_name &&& outcome_cohort_name","denominator_cohort_1 &&& cohort_1","overall","overall","Outcome",NA,"incidence_100000_pys_95CI_lower","numeric","17538.375","incidence_start_date &&& incidence_end_date &&& analysis_interval","2010-01-01 &&& 2010-12-31 &&& years"
"1","mock","denominator_cohort_name &&& outcome_cohort_name","denominator_cohort_1 &&& cohort_1","overall","overall","Outcome",NA,"incidence_100000_pys_95CI_upper","numeric","80044.631","incidence_start_date &&& incidence_end_date &&& analysis_interval","2010-01-01 &&& 2010-12-31 &&& years"
"1","mock","denominator_cohort_name &&& outcome_cohort_name","denominator_cohort_1 &&& cohort_1","overall","overall","Denominator",NA,"denominator_count","integer","17","incidence_start_date &&& incidence_end_date &&& analysis_interval","2011-01-01 &&& 2011-12-31 &&& years"
"1","mock","denominator_cohort_name &&& outcome_cohort_name","denominator_cohort_1 &&& cohort_1","overall","overall","Outcome",NA,"outcome_count","integer","7","incidence_start_date &&& incidence_end_date &&& analysis_interval","2011-01-01 &&& 2011-12-31 &&& years"
"1","mock","denominator_cohort_name &&& outcome_cohort_name","denominator_cohort_1 &&& cohort_1","overall","overall","Denominator",NA,"person_days","numeric","4227","incidence_start_date &&& incidence_end_date &&& analysis_interval","2011-01-01 &&& 2011-12-31 &&& years"
"1","mock","denominator_cohort_name &&& outcome_cohort_name","denominator_cohort_1 &&& cohort_1","overall","overall","Denominator",NA,"person_years","numeric","11.573","incidence_start_date &&& incidence_end_date &&& analysis_interval","2011-01-01 &&& 2011-12-31 &&& years"
"1","mock","denominator_cohort_name &&& outcome_cohort_name","denominator_cohort_1 &&& cohort_1","overall","overall","Outcome",NA,"incidence_100000_pys","numeric","60485.613","incidence_start_date &&& incidence_end_date &&& analysis_interval","2011-01-01 &&& 2011-12-31 &&& years"
"1","mock","denominator_cohort_name &&& outcome_cohort_name","denominator_cohort_1 &&& cohort_1","overall","overall","Outcome",NA,"incidence_100000_pys_95CI_lower","numeric","24318.354","incidence_start_date &&& incidence_end_date &&& analysis_interval","2011-01-01 &&& 2011-12-31 &&& years"
"1","mock","denominator_cohort_name &&& outcome_cohort_name","denominator_cohort_1 &&& cohort_1","overall","overall","Outcome",NA,"incidence_100000_pys_95CI_upper","numeric","124623.48","incidence_start_date &&& incidence_end_date &&& analysis_interval","2011-01-01 &&& 2011-12-31 &&& years"
"1","mock","denominator_cohort_name &&& outcome_cohort_name","denominator_cohort_1 &&& cohort_1","overall","overall","Denominator",NA,"denominator_count","integer","10","incidence_start_date &&& incidence_end_date &&& analysis_interval","2012-01-01 &&& 2012-12-31 &&& years"
"1","mock","denominator_cohort_name &&& outcome_cohort_name","denominator_cohort_1 &&& cohort_1","overall","overall","Outcome",NA,"outcome_count","integer","-","incidence_start_date &&& incidence_end_date &&& analysis_interval","2012-01-01 &&& 2012-12-31 &&& years"
"1","mock","denominator_cohort_name &&& outcome_cohort_name","denominator_cohort_1 &&& cohort_1","overall","overall","Denominator",NA,"person_days","numeric","3603","incidence_start_date &&& incidence_end_date &&& analysis_interval","2012-01-01 &&& 2012-12-31 &&& years"
"1","mock","denominator_cohort_name &&& outcome_cohort_name","denominator_cohort_1 &&& cohort_1","overall","overall","Denominator",NA,"person_years","numeric","9.864","incidence_start_date &&& incidence_end_date &&& analysis_interval","2012-01-01 &&& 2012-12-31 &&& years"
"1","mock","denominator_cohort_name &&& outcome_cohort_name","denominator_cohort_1 &&& cohort_1","overall","overall","Outcome",NA,"incidence_100000_pys","numeric","-","incidence_start_date &&& incidence_end_date &&& analysis_interval","2012-01-01 &&& 2012-12-31 &&& years"
"1","mock","denominator_cohort_name &&& outcome_cohort_name","denominator_cohort_1 &&& cohort_1","overall","overall","Outcome",NA,"incidence_100000_pys_95CI_lower","numeric","-","incidence_start_date &&& incidence_end_date &&& analysis_interval","2012-01-01 &&& 2012-12-31 &&& years"
"1","mock","denominator_cohort_name &&& outcome_cohort_name","denominator_cohort_1 &&& cohort_1","overall","overall","Outcome",NA,"incidence_100000_pys_95CI_upper","numeric","-","incidence_start_date &&& incidence_end_date &&& analysis_interval","2012-01-01 &&& 2012-12-31 &&& years"
"1","mock","denominator_cohort_name &&& outcome_cohort_name","denominator_cohort_1 &&& cohort_1","overall","overall","Denominator",NA,"denominator_count","integer","9","incidence_start_date &&& incidence_end_date &&& analysis_interval","2013-01-01 &&& 2013-12-31 &&& years"
"1","mock","denominator_cohort_name &&& outcome_cohort_name","denominator_cohort_1 &&& cohort_1","overall","overall","Outcome",NA,"outcome_count","integer","-","incidence_start_date &&& incidence_end_date &&& analysis_interval","2013-01-01 &&& 2013-12-31 &&& years"
"1","mock","denominator_cohort_name &&& outcome_cohort_name","denominator_cohort_1 &&& cohort_1","overall","overall","Denominator",NA,"person_days","numeric","3191","incidence_start_date &&& incidence_end_date &&& analysis_interval","2013-01-01 &&& 2013-12-31 &&& years"
"1","mock","denominator_cohort_name &&& outcome_cohort_name","denominator_cohort_1 &&& cohort_1","overall","overall","Denominator",NA,"person_years","numeric","8.736","incidence_start_date &&& incidence_end_date &&& analysis_interval","2013-01-01 &&& 2013-12-31 &&& years"
"1","mock","denominator_cohort_name &&& outcome_cohort_name","denominator_cohort_1 &&& cohort_1","overall","overall","Outcome",NA,"incidence_100000_pys","numeric","-","incidence_start_date &&& incidence_end_date &&& analysis_interval","2013-01-01 &&& 2013-12-31 &&& years"
"1","mock","denominator_cohort_name &&& outcome_cohort_name","denominator_cohort_1 &&& cohort_1","overall","overall","Outcome",NA,"incidence_100000_pys_95CI_lower","numeric","-","incidence_start_date &&& incidence_end_date &&& analysis_interval","2013-01-01 &&& 2013-12-31 &&& years"
"1","mock","denominator_cohort_name &&& outcome_cohort_name","denominator_cohort_1 &&& cohort_1","overall","overall","Outcome",NA,"incidence_100000_pys_95CI_upper","numeric","-","incidence_start_date &&& incidence_end_date &&& analysis_interval","2013-01-01 &&& 2013-12-31 &&& years"
"1","mock","denominator_cohort_name &&& outcome_cohort_name","denominator_cohort_1 &&& cohort_1","overall","overall","Denominator",NA,"denominator_count","integer","8","incidence_start_date &&& incidence_end_date &&& analysis_interval","2014-01-01 &&& 2014-12-31 &&& years"
"1","mock","denominator_cohort_name &&& outcome_cohort_name","denominator_cohort_1 &&& cohort_1","overall","overall","Outcome",NA,"outcome_count","integer","-","incidence_start_date &&& incidence_end_date &&& analysis_interval","2014-01-01 &&& 2014-12-31 &&& years"
"1","mock","denominator_cohort_name &&& outcome_cohort_name","denominator_cohort_1 &&& cohort_1","overall","overall","Denominator",NA,"person_days","numeric","2322","incidence_start_date &&& incidence_end_date &&& analysis_interval","2014-01-01 &&& 2014-12-31 &&& years"
"1","mock","denominator_cohort_name &&& outcome_cohort_name","denominator_cohort_1 &&& cohort_1","overall","overall","Denominator",NA,"person_years","numeric","6.357","incidence_start_date &&& incidence_end_date &&& analysis_interval","2014-01-01 &&& 2014-12-31 &&& years"
"1","mock","denominator_cohort_name &&& outcome_cohort_name","denominator_cohort_1 &&& cohort_1","overall","overall","Outcome",NA,"incidence_100000_pys","numeric","-","incidence_start_date &&& incidence_end_date &&& analysis_interval","2014-01-01 &&& 2014-12-31 &&& years"
"1","mock","denominator_cohort_name &&& outcome_cohort_name","denominator_cohort_1 &&& cohort_1","overall","overall","Outcome",NA,"incidence_100000_pys_95CI_lower","numeric","-","incidence_start_date &&& incidence_end_date &&& analysis_interval","2014-01-01 &&& 2014-12-31 &&& years"
"1","mock","denominator_cohort_name &&& outcome_cohort_name","denominator_cohort_1 &&& cohort_1","overall","overall","Outcome",NA,"incidence_100000_pys_95CI_upper","numeric","-","incidence_start_date &&& incidence_end_date &&& analysis_interval","2014-01-01 &&& 2014-12-31 &&& years"
"1","mock","denominator_cohort_name &&& outcome_cohort_name","denominator_cohort_1 &&& cohort_1","overall","overall","Denominator",NA,"denominator_count","integer","6","incidence_start_date &&& incidence_end_date &&& analysis_interval","2015-01-01 &&& 2015-12-31 &&& years"
"1","mock","denominator_cohort_name &&& outcome_cohort_name","denominator_cohort_1 &&& cohort_1","overall","overall","Outcome",NA,"outcome_count","integer","-","incidence_start_date &&& incidence_end_date &&& analysis_interval","2015-01-01 &&& 2015-12-31 &&& years"
"1","mock","denominator_cohort_name &&& outcome_cohort_name","denominator_cohort_1 &&& cohort_1","overall","overall","Denominator",NA,"person_days","numeric","1408","incidence_start_date &&& incidence_end_date &&& analysis_interval","2015-01-01 &&& 2015-12-31 &&& years"
"1","mock","denominator_cohort_name &&& outcome_cohort_name","denominator_cohort_1 &&& cohort_1","overall","overall","Denominator",NA,"person_years","numeric","3.855","incidence_start_date &&& incidence_end_date &&& analysis_interval","2015-01-01 &&& 2015-12-31 &&& years"
"1","mock","denominator_cohort_name &&& outcome_cohort_name","denominator_cohort_1 &&& cohort_1","overall","overall","Outcome",NA,"incidence_100000_pys","numeric","-","incidence_start_date &&& incidence_end_date &&& analysis_interval","2015-01-01 &&& 2015-12-31 &&& years"
"1","mock","denominator_cohort_name &&& outcome_cohort_name","denominator_cohort_1 &&& cohort_1","overall","overall","Outcome",NA,"incidence_100000_pys_95CI_lower","numeric","-","incidence_start_date &&& incidence_end_date &&& analysis_interval","2015-01-01 &&& 2015-12-31 &&& years"
"1","mock","denominator_cohort_name &&& outcome_cohort_name","denominator_cohort_1 &&& cohort_1","overall","overall","Outcome",NA,"incidence_100000_pys_95CI_upper","numeric","-","incidence_start_date &&& incidence_end_date &&& analysis_interval","2015-01-01 &&& 2015-12-31 &&& years"
"1","mock","denominator_cohort_name &&& outcome_cohort_name","denominator_cohort_1 &&& cohort_1","overall","overall","Denominator",NA,"denominator_count","integer","-","incidence_start_date &&& incidence_end_date &&& analysis_interval","2016-01-01 &&& 2016-12-31 &&& years"
"1","mock","denominator_cohort_name &&& outcome_cohort_name","denominator_cohort_1 &&& cohort_1","overall","overall","Outcome",NA,"outcome_count","integer","-","incidence_start_date &&& incidence_end_date &&& analysis_interval","2016-01-01 &&& 2016-12-31 &&& years"
"1","mock","denominator_cohort_name &&& outcome_cohort_name","denominator_cohort_1 &&& cohort_1","overall","overall","Denominator",NA,"person_days","numeric","-","incidence_start_date &&& incidence_end_date &&& analysis_interval","2016-01-01 &&& 2016-12-31 &&& years"
"1","mock","denominator_cohort_name &&& outcome_cohort_name","denominator_cohort_1 &&& cohort_1","overall","overall","Denominator",NA,"person_years","numeric","-","incidence_start_date &&& incidence_end_date &&& analysis_interval","2016-01-01 &&& 2016-12-31 &&& years"
"1","mock","denominator_cohort_name &&& outcome_cohort_name","denominator_cohort_1 &&& cohort_1","overall","overall","Outcome",NA,"incidence_100000_pys","numeric","-","incidence_start_date &&& incidence_end_date &&& analysis_interval","2016-01-01 &&& 2016-12-31 &&& years"
"1","mock","denominator_cohort_name &&& outcome_cohort_name","denominator_cohort_1 &&& cohort_1","overall","overall","Outcome",NA,"incidence_100000_pys_95CI_lower","numeric","-","incidence_start_date &&& incidence_end_date &&& analysis_interval","2016-01-01 &&& 2016-12-31 &&& years"
"1","mock","denominator_cohort_name &&& outcome_cohort_name","denominator_cohort_1 &&& cohort_1","overall","overall","Outcome",NA,"incidence_100000_pys_95CI_upper","numeric","-","incidence_start_date &&& incidence_end_date &&& analysis_interval","2016-01-01 &&& 2016-12-31 &&& years"
"2","mock","denominator_cohort_name &&& outcome_cohort_name","denominator_cohort_1 &&& cohort_1","reason","Starting population","number_records",NA,"count","integer","1000","reason_id","1"
"2","mock","denominator_cohort_name &&& outcome_cohort_name","denominator_cohort_1 &&& cohort_1","reason","Starting population","number_subjects",NA,"count","integer","1000","reason_id","1"
"2","mock","denominator_cohort_name &&& outcome_cohort_name","denominator_cohort_1 &&& cohort_1","reason","Starting population","excluded_records",NA,"count","integer",NA,"reason_id","1"
"2","mock","denominator_cohort_name &&& outcome_cohort_name","denominator_cohort_1 &&& cohort_1","reason","Starting population","excluded_subjects",NA,"count","integer",NA,"reason_id","1"
"2","mock","denominator_cohort_name &&& outcome_cohort_name","denominator_cohort_1 &&& cohort_1","reason","Missing year of birth","number_records",NA,"count","integer","1000","reason_id","2"
"2","mock","denominator_cohort_name &&& outcome_cohort_name","denominator_cohort_1 &&& cohort_1","reason","Missing year of birth","number_subjects",NA,"count","integer","1000","reason_id","2"
"2","mock","denominator_cohort_name &&& outcome_cohort_name","denominator_cohort_1 &&& cohort_1","reason","Missing year of birth","excluded_records",NA,"count","integer","0","reason_id","2"
"2","mock","denominator_cohort_name &&& outcome_cohort_name","denominator_cohort_1 &&& cohort_1","reason","Missing year of birth","excluded_subjects",NA,"count","integer","0","reason_id","2"
"2","mock","denominator_cohort_name &&& outcome_cohort_name","denominator_cohort_1 &&& cohort_1","reason","Missing sex","number_records",NA,"count","integer","1000","reason_id","3"
"2","mock","denominator_cohort_name &&& outcome_cohort_name","denominator_cohort_1 &&& cohort_1","reason","Missing sex","number_subjects",NA,"count","integer","1000","reason_id","3"
"2","mock","denominator_cohort_name &&& outcome_cohort_name","denominator_cohort_1 &&& cohort_1","reason","Missing sex","excluded_records",NA,"count","integer","0","reason_id","3"
"2","mock","denominator_cohort_name &&& outcome_cohort_name","denominator_cohort_1 &&& cohort_1","reason","Missing sex","excluded_subjects",NA,"count","integer","0","reason_id","3"
"2","mock","denominator_cohort_name &&& outcome_cohort_name","denominator_cohort_1 &&& cohort_1","reason","Cannot satisfy age criteria during the study period based on year of birth","number_records",NA,"count","integer","1000","reason_id","4"
"2","mock","denominator_cohort_name &&& outcome_cohort_name","denominator_cohort_1 &&& cohort_1","reason","Cannot satisfy age criteria during the study period based on year of birth","number_subjects",NA,"count","integer","1000","reason_id","4"
"2","mock","denominator_cohort_name &&& outcome_cohort_name","denominator_cohort_1 &&& cohort_1","reason","Cannot satisfy age criteria during the study period based on year of birth","excluded_records",NA,"count","integer","0","reason_id","4"
"2","mock","denominator_cohort_name &&& outcome_cohort_name","denominator_cohort_1 &&& cohort_1","reason","Cannot satisfy age criteria during the study period based on year of birth","excluded_subjects",NA,"count","integer","0","reason_id","4"
"2","mock","denominator_cohort_name &&& outcome_cohort_name","denominator_cohort_1 &&& cohort_1","reason","No observation time available during study period","number_records",NA,"count","integer","70","reason_id","5"
"2","mock","denominator_cohort_name &&& outcome_cohort_name","denominator_cohort_1 &&& cohort_1","reason","No observation time available during study period","number_subjects",NA,"count","integer","70","reason_id","5"
"2","mock","denominator_cohort_name &&& outcome_cohort_name","denominator_cohort_1 &&& cohort_1","reason","No observation time available during study period","excluded_records",NA,"count","integer","930","reason_id","5"
"2","mock","denominator_cohort_name &&& outcome_cohort_name","denominator_cohort_1 &&& cohort_1","reason","No observation time available during study period","excluded_subjects",NA,"count","integer","930","reason_id","5"
"2","mock","denominator_cohort_name &&& outcome_cohort_name","denominator_cohort_1 &&& cohort_1","reason","Doesn't satisfy age criteria during the study period","number_records",NA,"count","integer","70","reason_id","6"
"2","mock","denominator_cohort_name &&& outcome_cohort_name","denominator_cohort_1 &&& cohort_1","reason","Doesn't satisfy age criteria during the study period","number_subjects",NA,"count","integer","70","reason_id","6"
"2","mock","denominator_cohort_name &&& outcome_cohort_name","denominator_cohort_1 &&& cohort_1","reason","Doesn't satisfy age criteria during the study period","excluded_records",NA,"count","integer","0","reason_id","6"
"2","mock","denominator_cohort_name &&& outcome_cohort_name","denominator_cohort_1 &&& cohort_1","reason","Doesn't satisfy age criteria during the study period","excluded_subjects",NA,"count","integer","0","reason_id","6"
"2","mock","denominator_cohort_name &&& outcome_cohort_name","denominator_cohort_1 &&& cohort_1","reason","Prior history requirement not fulfilled during study period","number_records",NA,"count","integer","70","reason_id","7"
"2","mock","denominator_cohort_name &&& outcome_cohort_name","denominator_cohort_1 &&& cohort_1","reason","Prior history requirement not fulfilled during study period","number_subjects",NA,"count","integer","70","reason_id","7"
"2","mock","denominator_cohort_name &&& outcome_cohort_name","denominator_cohort_1 &&& cohort_1","reason","Prior history requirement not fulfilled during study period","excluded_records",NA,"count","integer","0","reason_id","7"
"2","mock","denominator_cohort_name &&& outcome_cohort_name","denominator_cohort_1 &&& cohort_1","reason","Prior history requirement not fulfilled during study period","excluded_subjects",NA,"count","integer","0","reason_id","7"
"2","mock","denominator_cohort_name &&& outcome_cohort_name","denominator_cohort_1 &&& cohort_1","reason","No observation time available after applying age, prior observation and, if applicable, target criteria","number_records",NA,"count","integer","70","reason_id","10"
"2","mock","denominator_cohort_name &&& outcome_cohort_name","denominator_cohort_1 &&& cohort_1","reason","No observation time available after applying age, prior observation and, if applicable, target criteria","number_subjects",NA,"count","integer","70","reason_id","10"
"2","mock","denominator_cohort_name &&& outcome_cohort_name","denominator_cohort_1 &&& cohort_1","reason","No observation time available after applying age, prior observation and, if applicable, target criteria","excluded_records",NA,"count","integer","0","reason_id","10"
"2","mock","denominator_cohort_name &&& outcome_cohort_name","denominator_cohort_1 &&& cohort_1","reason","No observation time available after applying age, prior observation and, if applicable, target criteria","excluded_subjects",NA,"count","integer","0","reason_id","10"
"2","mock","denominator_cohort_name &&& outcome_cohort_name","denominator_cohort_1 &&& cohort_1","reason","Starting analysis population","number_records",NA,"count","integer","70","reason_id","11"
"2","mock","denominator_cohort_name &&& outcome_cohort_name","denominator_cohort_1 &&& cohort_1","reason","Starting analysis population","number_subjects",NA,"count","integer","70","reason_id","11"
"2","mock","denominator_cohort_name &&& outcome_cohort_name","denominator_cohort_1 &&& cohort_1","reason","Starting analysis population","excluded_records",NA,"count","integer",NA,"reason_id","11"
"2","mock","denominator_cohort_name &&& outcome_cohort_name","denominator_cohort_1 &&& cohort_1","reason","Starting analysis population","excluded_subjects",NA,"count","integer",NA,"reason_id","11"
"2","mock","denominator_cohort_name &&& outcome_cohort_name","denominator_cohort_1 &&& cohort_1","reason","Apply washout - anyone with outcome prior to start excluded","number_records",NA,"count","integer","47","reason_id","12"
"2","mock","denominator_cohort_name &&& outcome_cohort_name","denominator_cohort_1 &&& cohort_1","reason","Apply washout - anyone with outcome prior to start excluded","number_subjects",NA,"count","integer","47","reason_id","12"
"2","mock","denominator_cohort_name &&& outcome_cohort_name","denominator_cohort_1 &&& cohort_1","reason","Apply washout - anyone with outcome prior to start excluded","excluded_records",NA,"count","integer","23","reason_id","12"
"2","mock","denominator_cohort_name &&& outcome_cohort_name","denominator_cohort_1 &&& cohort_1","reason","Apply washout - anyone with outcome prior to start excluded","excluded_subjects",NA,"count","integer","23","reason_id","12"
"2","mock","denominator_cohort_name &&& outcome_cohort_name","denominator_cohort_1 &&& cohort_1","reason","Not observed during the complete database interval","number_records",NA,"count","integer","47","reason_id","14"
"2","mock","denominator_cohort_name &&& outcome_cohort_name","denominator_cohort_1 &&& cohort_1","reason","Not observed during the complete database interval","number_subjects",NA,"count","integer","47","reason_id","14"
"2","mock","denominator_cohort_name &&& outcome_cohort_name","denominator_cohort_1 &&& cohort_1","reason","Not observed during the complete database interval","excluded_records",NA,"count","integer","0","reason_id","14"
"2","mock","denominator_cohort_name &&& outcome_cohort_name","denominator_cohort_1 &&& cohort_1","reason","Not observed during the complete database interval","excluded_subjects",NA,"count","integer","0","reason_id","14"
"1",NA,"overall","overall","overall","overall","settings",NA,"result_type","character","incidence","overall","overall"
"1",NA,"overall","overall","overall","overall","settings",NA,"package_name","character","IncidencePrevalence","overall","overall"
"1",NA,"overall","overall","overall","overall","settings",NA,"package_version","character","1.2.0","overall","overall"
"1",NA,"overall","overall","overall","overall","settings",NA,"group","character","denominator_cohort_name &&& outcome_cohort_name","overall","overall"
"1",NA,"overall","overall","overall","overall","settings",NA,"strata","character","","overall","overall"
"1",NA,"overall","overall","overall","overall","settings",NA,"additional","character","incidence_start_date &&& incidence_end_date &&& analysis_interval","overall","overall"
"1",NA,"overall","overall","overall","overall","settings",NA,"min_cell_count","character","5","overall","overall"
"1",NA,"overall","overall","overall","overall","settings",NA,"analysis_censor_cohort_name","character","None","overall","overall"
"1",NA,"overall","overall","overall","overall","settings",NA,"analysis_complete_database_intervals","character","TRUE","overall","overall"
"1",NA,"overall","overall","overall","overall","settings",NA,"analysis_outcome_washout","character","inf","overall","overall"
"1",NA,"overall","overall","overall","overall","settings",NA,"analysis_repeated_events","character","FALSE","overall","overall"
"1",NA,"overall","overall","overall","overall","settings",NA,"denominator_age_group","character","0 to 150","overall","overall"
"1",NA,"overall","overall","overall","overall","settings",NA,"denominator_days_prior_observation","character","0","overall","overall"
"1",NA,"overall","overall","overall","overall","settings",NA,"denominator_end_date","character","2018-01-01","overall","overall"
"1",NA,"overall","overall","overall","overall","settings",NA,"denominator_requirements_at_entry","character","FALSE","overall","overall"
"1",NA,"overall","overall","overall","overall","settings",NA,"denominator_sex","character","Both","overall","overall"
"1",NA,"overall","overall","overall","overall","settings",NA,"denominator_start_date","character","2008-01-01","overall","overall"
"1",NA,"overall","overall","overall","overall","settings",NA,"denominator_target_cohort_name","character","None","overall","overall"
"1",NA,"overall","overall","overall","overall","settings",NA,"denominator_time_at_risk","character","0 to Inf","overall","overall"
"2",NA,"overall","overall","overall","overall","settings",NA,"result_type","character","incidence_attrition","overall","overall"
"2",NA,"overall","overall","overall","overall","settings",NA,"package_name","character","IncidencePrevalence","overall","overall"
"2",NA,"overall","overall","overall","overall","settings",NA,"package_version","character","1.2.0","overall","overall"
"2",NA,"overall","overall","overall","overall","settings",NA,"group","character","denominator_cohort_name &&& outcome_cohort_name","overall","overall"
"2",NA,"overall","overall","overall","overall","settings",NA,"strata","character","reason","overall","overall"
"2",NA,"overall","overall","overall","overall","settings",NA,"additional","character","reason_id","overall","overall"
"2",NA,"overall","overall","overall","overall","settings",NA,"min_cell_count","character","5","overall","overall"
"2",NA,"overall","overall","overall","overall","settings",NA,"analysis_censor_cohort_name","character","None","overall","overall"
"2",NA,"overall","overall","overall","overall","settings",NA,"analysis_complete_database_intervals","character","TRUE","overall","overall"
"2",NA,"overall","overall","overall","overall","settings",NA,"analysis_outcome_washout","character","inf","overall","overall"
"2",NA,"overall","overall","overall","overall","settings",NA,"analysis_repeated_events","character","FALSE","overall","overall"
"2",NA,"overall","overall","overall","overall","settings",NA,"denominator_age_group","character","0 to 150","overall","overall"
"2",NA,"overall","overall","overall","overall","settings",NA,"denominator_days_prior_observation","character","0","overall","overall"
"2",NA,"overall","overall","overall","overall","settings",NA,"denominator_end_date","character","2018-01-01","overall","overall"
"2",NA,"overall","overall","overall","overall","settings",NA,"denominator_requirements_at_entry","character","FALSE","overall","overall"
"2",NA,"overall","overall","overall","overall","settings",NA,"denominator_sex","character","Both","overall","overall"
"2",NA,"overall","overall","overall","overall","settings",NA,"denominator_start_date","character","2008-01-01","overall","overall"
"2",NA,"overall","overall","overall","overall","settings",NA,"denominator_target_cohort_name","character","None","overall","overall"
"2",NA,"overall","overall","overall","overall","settings",NA,"denominator_time_at_risk","character","0 to Inf","overall","overall"
